Year,Sort Order,Destination,Total,United States
1990,1990014,Burundi,"333,110",0
1990,1990015,Comoros,"14,079",0
1990,1990016,Djibouti,"122,221",0
1990,1990017,Eritrea,"11,848",0
1990,1990018,Ethiopia,"1,155,390",0
1990,1990019,Kenya,"297,292",0
1990,1990020,Madagascar,"23,917",0
1990,1990021,Malawi,"1,127,724",0
1990,1990022,Mauritius,"3,613",37
1990,1990023,Mayotte,"15,229",0
1990,1990024,Mozambique,"122,332",0
1990,1990025,Reunion,"57,210",0
1990,1990026,Rwanda,"159,869",0
1990,1990027,Seychelles,"3,721",0
1990,1990028,Somalia,"478,294",0
1990,1990029,South Sudan,,0
1990,1990030,Uganda,"558,307",503
1990,1990031,United Republic of Tanzania,"574,025",808
1990,1990032,Zambia,"279,029",459
1990,1990033,Zimbabwe,"626,821",0
1990,1990035,Angola,"33,517",0
1990,1990036,Cameroon,"265,344",0
1990,1990037,Central African Republic,"67,234",476
1990,1990038,Chad,"74,342",0
1990,1990039,Congo,"129,597",51
1990,1990040,Democratic Republic of the Congo,"754,194",0
1990,1990041,Equatorial Guinea,"2,740",0
1990,1990042,Gabon,"127,980",169
1990,1990043,Sao Tome and Principe,"5,582",0
1990,1990045,Algeria,"273,954",4509
1990,1990046,Egypt,"173,708",6679
1990,1990047,Libya,"457,075",19067
1990,1990048,Morocco,"54,895",1250
1990,1990049,Sudan,"1,402,896",0
1990,1990050,Tunisia,"37,984",236
1990,1990051,Western Sahara,"2,688",0
1990,1990053,Botswana,"27,510",603
1990,1990054,Lesotho,"8,240",95
1990,1990055,Namibia,"120,641",1553
1990,1990056,South Africa,"1,163,883",9267
1990,1990057,Swaziland,"72,085",281
1990,1990059,Benin,"76,212",0
1990,1990060,Burkina Faso,"349,657",0
1990,1990061,Cabo Verde,"8,931",208
1990,1990062,Cote d'Ivoire,"1,816,426",0
1990,1990063,Gambia,"118,123",0
1990,1990064,Ghana,"164,851",437
1990,1990065,Guinea,"403,621",552
1990,1990066,Guinea-Bissau,"15,368",200
1990,1990067,Liberia,"94,964",2959
1990,1990068,Mali,"160,736",233
1990,1990069,Mauritania,"111,650",99
1990,1990070,Niger,"115,464",0
1990,1990071,Nigeria,"456,621",0
1990,1990072,Saint Helena,383,0
1990,1990073,Senegal,"270,410",662
1990,1990074,Sierra Leone,"222,242",506
1990,1990075,Togo,"84,844",179
1990,1990078,Kazakhstan,"3,619,200",0
1990,1990079,Kyrgyzstan,"623,083",0
1990,1990080,Tajikistan,"428,900",454
1990,1990081,Turkmenistan,"306,500",0
1990,1990082,Uzbekistan,"1,653,000",0
1990,1990084,China,"376,361",16962
1990,1990085,"China, Hong Kong SAR","2,218,473",7599
1990,1990086,"China, Macao SAR","205,047",0
1990,1990087,Dem. People's Republic of Korea,"34,103",672
1990,1990088,Japan,"1,075,626",38375
1990,1990089,Mongolia,"6,718",247
1990,1990090,Republic of Korea,"43,017",11713
1990,1990092,Afghanistan,"57,686",0
1990,1990093,Bangladesh,"881,617",28559
1990,1990094,Bhutan,"23,807",63
1990,1990095,India,"7,493,204",5649
1990,1990096,Iran (Islamic Republic of),"4,291,601",0
1990,1990097,Maldives,"8,689",24
1990,1990098,Nepal,"429,974",0
1990,1990099,Pakistan,"6,208,204",0
1990,1990100,Sri Lanka,"41,561",18
1990,1990102,Brunei Darussalam,"73,200",113
1990,1990103,Cambodia,"38,375",91
1990,1990104,Indonesia,"465,612",8745
1990,1990105,Lao People's Democratic Republic,"22,866",0
1990,1990106,Malaysia,"695,920",0
1990,1990107,Myanmar,"133,545",0
1990,1990108,Philippines,"154,071",17746
1990,1990109,Singapore,"727,262",3423
1990,1990110,Thailand,"528,693",1640
1990,1990111,Timor-Leste,"8,954",64
1990,1990112,Viet Nam,"28,118",263
1990,1990114,Armenia,"658,789",0
1990,1990115,Azerbaijan,"360,600",0
1990,1990116,Bahrain,"173,212",453
1990,1990117,Cyprus,"43,805",791
1990,1990118,Georgia,"304,470",0
1990,1990119,Iraq,"83,638",0
1990,1990120,Israel,"1,632,704",47532
1990,1990121,Jordan,"1,146,349",1691
1990,1990122,Kuwait,"1,074,391",2808
1990,1990123,Lebanon,"523,693",773
1990,1990124,Oman,"304,000",0
1990,1990125,Qatar,"309,753",809
1990,1990126,Saudi Arabia,"4,998,445",0
1990,1990127,State of Palestine,"288,332",8436
1990,1990128,Syrian Arab Republic,"714,140",0
1990,1990129,Turkey,"1,163,686",12868
1990,1990130,United Arab Emirates,"1,306,574",3431
1990,1990131,Yemen,"118,863",0
1990,1990134,Belarus,"1,248,977",42
1990,1990135,Bulgaria,"21,510",139
1990,1990136,Czechia,"110,394",517
1990,1990137,Hungary,"347,510",2956
1990,1990138,Poland,"1,127,771",12778
1990,1990139,Republic of Moldova,"544,162",0
1990,1990140,Romania,"135,825",705
1990,1990141,Russian Federation,"11,524,948",3077
1990,1990142,Slovakia,"41,295",290
1990,1990143,Ukraine,"6,892,920",3308
1990,1990145,Channel Islands,"61,660",0
1990,1990146,Denmark,"235,189",6411
1990,1990147,Estonia,"381,997",91
1990,1990148,Faeroe Islands,"4,285",21
1990,1990149,Finland,"63,255",2545
1990,1990150,Iceland,"9,584",1077
1990,1990151,Ireland,"227,961",15922
1990,1990152,Isle of Man,"34,769",242
1990,1990153,Latvia,"646,007",167
1990,1990154,Lithuania,"349,258",1170
1990,1990155,Norway,"192,587",15827
1990,1990156,Sweden,"788,767",11325
1990,1990157,United Kingdom,"3,650,286",141839
1990,1990159,Albania,"66,013",3011
1990,1990160,Andorra,"38,904",100
1990,1990161,Bosnia and Herzegovina,"56,000",0
1990,1990162,Croatia,"475,438",1187
1990,1990163,Gibraltar,"8,709",0
1990,1990164,Greece,"618,139",43350
1990,1990165,Holy See,768,0
1990,1990166,Italy,"1,428,221",63755
1990,1990167,Malta,"15,077",832
1990,1990168,Montenegro,,0
1990,1990169,Portugal,"435,782",5467
1990,1990170,San Marino,"3,310",0
1990,1990171,Serbia,"99,269",157
1990,1990172,Slovenia,"178,077",734
1990,1990173,Spain,"821,605",12187
1990,1990174,Macedonia,"95,142",0
1990,1990176,Austria,"793,239",6088
1990,1990177,Belgium,"904,528",11241
1990,1990178,France,"5,897,267",40261
1990,1990179,Germany,"5,936,181",99835
1990,1990180,Liechtenstein,"10,906",20
1990,1990181,Luxembourg,"113,795",1098
1990,1990182,Monaco,"20,359",0
1990,1990183,Netherlands,"1,182,263",13659
1990,1990184,Switzerland,"1,392,282",19316
1990,1990187,Anguilla,"2,570",407
1990,1990188,Antigua and Barbuda,"12,029",1603
1990,1990189,Aruba,"14,444",425
1990,1990190,Bahamas,"26,855",4247
1990,1990191,Barbados,"24,024",1112
1990,1990192,British Virgin Islands,"8,035",674
1990,1990193,Caribbean Netherlands,"38,410",398
1990,1990194,Cayman Islands,"9,387",1632
1990,1990195,Cuba,"34,555",1186
1990,1990196,Curacao,,0
1990,1990197,Dominica,"2,519",226
1990,1990198,Dominican Republic,"291,151",9587
1990,1990199,Grenada,"4,263",7
1990,1990200,Guadeloupe,"65,944",197
1990,1990201,Haiti,"19,084",1607
1990,1990202,Jamaica,"20,475",4575
1990,1990203,Martinique,"38,705",0
1990,1990204,Montserrat,"2,013",173
1990,1990205,Puerto Rico,"321,909",228419
1990,1990206,Saint Kitts and Nevis,"3,210",265
1990,1990207,Saint Lucia,"5,305",285
1990,1990208,Saint Vincent and the Grenadines,"3,970",291
1990,1990209,Sint Maarten (Dutch part),,0
1990,1990210,Trinidad and Tobago,"50,666",2430
1990,1990211,Turks and Caicos Islands,"5,062",454
1990,1990212,United States Virgin Islands,"51,970",14246
1990,1990214,Belize,"30,404",1901
1990,1990215,Costa Rica,"417,628",8592
1990,1990216,El Salvador,"47,360",8033
1990,1990217,Guatemala,"264,257",5822
1990,1990218,Honduras,"270,423",2692
1990,1990219,Mexico,"695,674",198230
1990,1990220,Nicaragua,"41,421",3721
1990,1990221,Panama,"62,744",3318
1990,1990223,Argentina,"1,649,919",9992
1990,1990224,Bolivia (Plurinational State of),"73,758",3078
1990,1990225,Brazil,"798,517",11806
1990,1990226,Chile,"107,501",5651
1990,1990227,Colombia,"104,277",13478
1990,1990228,Ecuador,"78,663",8595
1990,1990229,Falkland Islands (Malvinas),855,15
1990,1990230,French Guiana,"63,612",0
1990,1990231,Guyana,"4,095",285
1990,1990232,Paraguay,"195,884",1582
1990,1990233,Peru,"65,025",7050
1990,1990234,Suriname,"18,031",0
1990,1990235,Uruguay,"98,116",1525
1990,1990236,Venezuela (Bolivarian Republic of),"1,025,009",11639
1990,1990238,Bermuda,"15,683",3468
1990,1990239,Canada,"4,333,318",239032
1990,1990240,Greenland,"9,416",30
1990,1990241,Saint Pierre and Miquelon,"1,099",72
1990,1990242,United States of America,"23,251,026",0
1990,1990245,Australia,"3,955,213",53575
1990,1990246,New Zealand,"518,047",8305
1990,1990248,Fiji,"13,283",0
1990,1990249,New Caledonia,"37,673",0
1990,1990250,Papua New Guinea,"32,720",1110
1990,1990251,Solomon Islands,"4,226",135
1990,1990252,Vanuatu,"2,308",0
1990,1990254,Guam,"69,755",27990
1990,1990255,Kiribati,"2,162",43
1990,1990256,Marshall Islands,"1,158",633
1990,1990257,Micronesia (Fed. States of),"3,685",234
1990,1990258,Nauru,"2,815",0
1990,1990259,Northern Mariana Islands,"26,593",1203
1990,1990260,Palau,"2,801",315
1990,1990262,American Samoa,"21,283",3510
1990,1990263,Cook Islands,"2,587",17
1990,1990264,French Polynesia,"25,830",372
1990,1990265,Niue,461,11
1990,1990266,Samoa,"3,357",266
1990,1990267,Tokelau,270,0
1990,1990268,Tonga,"2,911",0
1990,1990269,Tuvalu,318,41
1990,1990270,Wallis and Futuna Islands,"1,402",0
1995,1995002,More developed regions,"92,331,345",894317
1995,1995003,Less developed regions,"68,368,683",945169
1995,1995004,Least developed countries,"11,708,074",40811
1995,1995005,"Less developed regions, excluding least developed countries","56,660,609",904358
1995,1995006,High-income countries,"86,645,274",1271261
1995,1995007,Middle-income countries,"64,413,423",556185
1995,1995008,Upper-middle-income countries,"33,181,319",444453
1995,1995009,Lower-middle-income countries,"31,232,104",111732
1995,1995010,Low-income countries,"9,287,911",10146
1995,1995011,Sub-Saharan Africa,"15,324,570",18263
1995,1995014,Burundi,"254,853",0
1995,1995015,Comoros,"13,939",0
1995,1995016,Djibouti,"99,774",0
1995,1995017,Eritrea,"12,400",0
1995,1995018,Ethiopia,"806,904",0
1995,1995019,Kenya,"618,745",0
1995,1995020,Madagascar,"21,177",0
1995,1995021,Malawi,"241,624",0
1995,1995022,Mauritius,"7,493",30
1995,1995023,Mayotte,"26,316",0
1995,1995024,Mozambique,"168,256",0
1995,1995025,Reunion,"77,159",0
1995,1995026,Rwanda,"233,200",0
1995,1995027,Seychelles,"5,148",0
1995,1995028,Somalia,"19,527",0
1995,1995029,South Sudan,,0
1995,1995030,Uganda,"634,620",494
1995,1995031,United Republic of Tanzania,"1,106,043",1027
1995,1995032,Zambia,"244,338",460
1995,1995033,Zimbabwe,"431,226",0
1995,1995035,Angola,"39,813",0
1995,1995036,Cameroon,"246,864",0
1995,1995037,Central African Republic,"99,712",683
1995,1995038,Chad,"89,584",0
1995,1995039,Congo,"191,635",59
1995,1995040,Democratic Republic of the Congo,"1,816,963",0
1995,1995041,Equatorial Guinea,"3,629",0
1995,1995042,Gabon,"152,972",202
1995,1995043,Sao Tome and Principe,"4,936",0
1995,1995045,Algeria,"262,032",2802
1995,1995046,Egypt,"166,955",5336
1995,1995047,Libya,"508,041",13063
1995,1995048,Morocco,"50,360",1147
1995,1995049,Sudan,"1,053,396",0
1995,1995050,Tunisia,"37,867",234
1995,1995051,Western Sahara,"2,989",0
1995,1995053,Botswana,"40,168",313
1995,1995054,Lesotho,"7,204",91
1995,1995055,Namibia,"115,372",1485
1995,1995056,South Africa,"1,003,807",7115
1995,1995057,Swaziland,"25,031",112
1995,1995059,Benin,"104,971",0
1995,1995060,Burkina Faso,"434,848",0
1995,1995061,Cabo Verde,"9,979",262
1995,1995062,Cote d'Ivoire,"2,076,394",0
1995,1995063,Gambia,"150,890",0
1995,1995064,Ghana,"252,879",435
1995,1995065,Guinea,"774,505",636
1995,1995066,Guinea-Bissau,"27,961",257
1995,1995067,Liberia,"208,563",2891
1995,1995068,Mali,"176,187",242
1995,1995069,Mauritania,"89,562",105
1995,1995070,Niger,"145,999",0
1995,1995071,Nigeria,"462,999",0
1995,1995072,Saint Helena,394,0
1995,1995073,Senegal,"287,654",692
1995,1995074,Sierra Leone,"105,374",493
1995,1995075,Togo,"101,583",179
1995,1995078,Kazakhstan,"3,245,250",0
1995,1995079,Kyrgyzstan,"510,296",0
1995,1995080,Tajikistan,"348,347",368
1995,1995081,Turkmenistan,"273,565",0
1995,1995082,Uzbekistan,"1,512,577",0
1995,1995084,China,"442,198",18124
1995,1995085,"China, Hong Kong SAR","2,443,798",10698
1995,1995086,"China, Macao SAR","224,929",0
1995,1995087,Dem. People's Republic of Korea,"35,143",661
1995,1995088,Japan,"1,381,097",43792
1995,1995089,Mongolia,"7,424",272
1995,1995090,Republic of Korea,"123,886",16092
1995,1995092,Afghanistan,"71,522",0
1995,1995093,Bangladesh,"934,735",30085
1995,1995094,Bhutan,"27,972",74
1995,1995095,India,"6,952,238",4490
1995,1995096,Iran (Islamic Republic of),"2,937,668",0
1995,1995097,Maldives,"18,510",20
1995,1995098,Nepal,"690,225",0
1995,1995099,Pakistan,"3,669,308",0
1995,1995100,Sri Lanka,"40,841",87
1995,1995102,Brunei Darussalam,"84,748",129
1995,1995103,Cambodia,"92,230",239
1995,1995104,Indonesia,"378,960",5786
1995,1995105,Lao People's Democratic Republic,"23,526",0
1995,1995106,Malaysia,"937,368",0
1995,1995107,Myanmar,"113,663",0
1995,1995108,Philippines,"207,345",23882
1995,1995109,Singapore,"991,492",3949
1995,1995110,Thailand,"809,720",2742
1995,1995111,Timor-Leste,"9,743",64
1995,1995112,Viet Nam,"51,262",585
1995,1995114,Armenia,"693,999",0
1995,1995115,Azerbaijan,"344,070",0
1995,1995116,Bahrain,"205,979",498
1995,1995117,Cyprus,"61,941",1119
1995,1995118,Georgia,"152,235",0
1995,1995119,Iraq,"199,460",0
1995,1995120,Israel,"1,792,185",56033
1995,1995121,Jordan,"1,537,097",2433
1995,1995122,Kuwait,"921,954",2250
1995,1995123,Lebanon,"608,303",1108
1995,1995124,Oman,"539,643",0
1995,1995125,Qatar,"361,673",879
1995,1995126,Saudi Arabia,"5,122,702",0
1995,1995127,State of Palestine,"281,767",8244
1995,1995128,Syrian Arab Republic,"830,610",0
1995,1995129,Turkey,"1,216,173",12735
1995,1995130,United Arab Emirates,"1,824,118",4396
1995,1995131,Yemen,"136,515",0
1995,1995134,Belarus,"1,186,282",66
1995,1995135,Bulgaria,"32,435",352
1995,1995136,Czechia,"165,592",775
1995,1995137,Hungary,"322,234",3967
1995,1995138,Poland,"964,725",10929
1995,1995139,Republic of Moldova,"367,231",0
1995,1995140,Romania,"135,037",1055
1995,1995141,Russian Federation,"11,928,927",3051
1995,1995142,Slovakia,"69,323",743
1995,1995143,Ukraine,"6,172,338",3200
1995,1995145,Channel Islands,"60,519",0
1995,1995146,Denmark,"303,108",7504
1995,1995147,Estonia,"315,755",141
1995,1995148,Faeroe Islands,"2,900",22
1995,1995149,Finland,"99,729",2494
1995,1995150,Iceland,"12,738",1190
1995,1995151,Ireland,"226,892",12608
1995,1995152,Isle of Man,"36,886",210
1995,1995153,Latvia,"538,093",323
1995,1995154,Lithuania,"273,587",1310
1995,1995155,Norway,"233,302",15407
1995,1995156,Sweden,"936,022",13439
1995,1995157,United Kingdom,"4,155,293",146356
1995,1995159,Albania,"71,354",3255
1995,1995160,Andorra,"40,525",95
1995,1995161,Bosnia and Herzegovina,"69,476",0
1995,1995162,Croatia,"674,085",1068
1995,1995163,Gibraltar,"8,381",0
1995,1995164,Greece,"857,850",32855
1995,1995165,Holy See,780,0
1995,1995166,Italy,"1,774,953",45212
1995,1995167,Malta,"17,740",974
1995,1995168,Montenegro,,0
1995,1995169,Portugal,"532,822",6236
1995,1995170,San Marino,"3,659",0
1995,1995171,Serbia,"630,221",1003
1995,1995172,Slovenia,"174,419",564
1995,1995173,Spain,"1,020,067",14474
1995,1995174,Macedonia,"109,343",0
1995,1995176,Austria,"894,893",6869
1995,1995177,Belgium,"909,769",11547
1995,1995178,France,"6,087,993",41563
1995,1995179,Germany,"7,464,406",104837
1995,1995180,Liechtenstein,"13,311",40
1995,1995181,Luxembourg,"126,106",1066
1995,1995182,Monaco,"21,060",0
1995,1995183,Netherlands,"1,346,164",16636
1995,1995184,Switzerland,"1,478,829",22377
1995,1995187,Anguilla,"3,317",524
1995,1995188,Antigua and Barbuda,"17,550",2173
1995,1995189,Aruba,"22,274",553
1995,1995190,Bahamas,"31,654",4294
1995,1995191,Barbados,"26,224",1213
1995,1995192,British Virgin Islands,"10,046",792
1995,1995193,Caribbean Netherlands,"42,258",830
1995,1995194,Cayman Islands,"14,320",1743
1995,1995195,Cuba,"26,187",899
1995,1995196,Curacao,,0
1995,1995197,Dominica,"3,121",299
1995,1995198,Dominican Republic,"323,381",10648
1995,1995199,Grenada,"5,544",321
1995,1995200,Guadeloupe,"74,566",263
1995,1995201,Haiti,"22,458",1891
1995,1995202,Jamaica,"22,713",5615
1995,1995203,Martinique,"46,599",0
1995,1995204,Montserrat,"1,612",138
1995,1995205,Puerto Rico,"338,067",231365
1995,1995206,Saint Kitts and Nevis,"4,248",350
1995,1995207,Saint Lucia,"7,152",383
1995,1995208,Saint Vincent and the Grenadines,"4,135",303
1995,1995209,Sint Maarten (Dutch part),,0
1995,1995210,Trinidad and Tobago,"45,994",2205
1995,1995211,Turks and Caicos Islands,"7,039",565
1995,1995212,United States Virgin Islands,"54,241",14965
1995,1995214,Belize,"33,446",1908
1995,1995215,Costa Rica,"364,287",7305
1995,1995216,El Salvador,"39,537",6306
1995,1995217,Guatemala,"156,188",5639
1995,1995218,Honduras,"149,442",3877
1995,1995219,Mexico,"458,549",272472
1995,1995220,Nicaragua,"26,619",2952
1995,1995221,Panama,"70,848",4134
1995,1995223,Argentina,"1,595,069",9678
1995,1995224,Bolivia (Plurinational State of),"83,598",3385
1995,1995225,Brazil,"741,557",12894
1995,1995226,Chile,"142,417",6768
1995,1995227,Colombia,"106,943",14273
1995,1995228,Ecuador,"115,093",9854
1995,1995229,Falkland Islands (Malvinas),868,20
1995,1995230,French Guiana,"70,131",0
1995,1995231,Guyana,"6,352",459
1995,1995232,Paraguay,"186,570",1684
1995,1995233,Peru,"56,732",6151
1995,1995234,Suriname,"22,270",0
1995,1995235,Uruguay,"93,428",1036
1995,1995236,Venezuela (Bolivarian Republic of),"1,019,996",10925
1995,1995238,Bermuda,"16,676",3454
1995,1995239,Canada,"4,864,778",244601
1995,1995240,Greenland,"7,320",27
1995,1995241,Saint Pierre and Miquelon,"1,320",87
1995,1995242,United States of America,"28,451,053",0
1995,1995245,Australia,"4,153,330",55234
1995,1995246,New Zealand,"588,617",11309
1995,1995248,Fiji,"13,001",0
1995,1995249,New Caledonia,"43,662",0
1995,1995250,Papua New Guinea,"33,526",1137
1995,1995251,Solomon Islands,"4,178",134
1995,1995252,Vanuatu,"2,461",0
1995,1995254,Guam,"71,912",23543
1995,1995255,Kiribati,"2,223",40
1995,1995256,Marshall Islands,"1,480",716
1995,1995257,Micronesia (Fed. States of),"3,342",212
1995,1995258,Nauru,"2,605",0
1995,1995259,Northern Mariana Islands,"32,376",1530
1995,1995260,Palau,"4,749",535
1995,1995262,American Samoa,"23,098",3544
1995,1995263,Cook Islands,"2,686",18
1995,1995264,French Polynesia,"28,360",408
1995,1995265,Niue,480,14
1995,1995266,Samoa,"4,694",365
1995,1995267,Tokelau,266,0
1995,1995268,Tonga,"3,274",0
1995,1995269,Tuvalu,263,34
1995,1995270,Wallis and Futuna Islands,"1,680",0
2000,2000002,More developed regions,"103,417,894",920914
2000,2000003,Less developed regions,"69,186,363",1071319
2000,2000004,Least developed countries,"10,073,307",43444
2000,2000005,"Less developed regions, excluding least developed countries","59,113,056",1027875
2000,2000006,High-income countries,"100,404,811",1321453
2000,2000007,Middle-income countries,"64,042,290",657192
2000,2000008,Upper-middle-income countries,"33,846,189",535735
2000,2000009,Lower-middle-income countries,"30,196,101",121457
2000,2000010,Low-income countries,"7,732,730",11097
2000,2000011,Sub-Saharan Africa,"13,716,539",18674
2000,2000014,Burundi,"125,628",0
2000,2000015,Comoros,"13,799",0
2000,2000016,Djibouti,"100,507",0
2000,2000017,Eritrea,"12,952",0
2000,2000018,Ethiopia,"611,384",0
2000,2000019,Kenya,"699,139",0
2000,2000020,Madagascar,"23,541",0
2000,2000021,Malawi,"232,620",0
2000,2000022,Mauritius,"15,543",41
2000,2000023,Mayotte,"45,474",0
2000,2000024,Mozambique,"195,702",0
2000,2000025,Reunion,"100,678",0
2000,2000026,Rwanda,"347,076",0
2000,2000027,Seychelles,"6,574",0
2000,2000028,Somalia,"20,087",0
2000,2000029,South Sudan,,0
2000,2000030,Uganda,"634,703",1013
2000,2000031,United Republic of Tanzania,"928,180",1082
2000,2000032,Zambia,"321,167",462
2000,2000033,Zimbabwe,"410,041",0
2000,2000035,Angola,"46,108",0
2000,2000036,Cameroon,"228,383",0
2000,2000037,Central African Republic,"123,529",831
2000,2000038,Chad,"104,825",0
2000,2000039,Congo,"305,002",83
2000,2000040,Democratic Republic of the Congo,"744,387",0
2000,2000041,Equatorial Guinea,"4,517",0
2000,2000042,Gabon,"195,571",259
2000,2000043,Sao Tome and Principe,"4,365",0
2000,2000045,Algeria,"250,110",1094
2000,2000046,Egypt,"173,452",4416
2000,2000047,Libya,"567,436",7274
2000,2000048,Morocco,"53,034",1208
2000,2000049,Sudan,"801,883",0
2000,2000050,Tunisia,"36,446",269
2000,2000051,Western Sahara,"3,289",0
2000,2000053,Botswana,"57,064",55
2000,2000054,Lesotho,"6,167",85
2000,2000055,Namibia,"134,403",1379
2000,2000056,South Africa,"1,001,825",6982
2000,2000057,Swaziland,"22,855",146
2000,2000059,Benin,"133,730",0
2000,2000060,Burkina Faso,"520,039",0
2000,2000061,Cabo Verde,"11,027",314
2000,2000062,Cote d'Ivoire,"1,994,135",0
2000,2000063,Gambia,"182,514",0
2000,2000064,Ghana,"191,601",487
2000,2000065,Guinea,"560,075",689
2000,2000066,Guinea-Bissau,"20,450",313
2000,2000067,Liberia,"151,868",2837
2000,2000068,Mali,"189,475",223
2000,2000069,Mauritania,"57,366",108
2000,2000070,Niger,"122,260",0
2000,2000071,Nigeria,"487,882",0
2000,2000072,Saint Helena,405,0
2000,2000073,Senegal,"231,901",626
2000,2000074,Sierra Leone,"98,241",480
2000,2000075,Togo,"137,891",179
2000,2000078,Kazakhstan,"2,871,300",0
2000,2000079,Kyrgyzstan,"389,558",0
2000,2000080,Tajikistan,"299,266",317
2000,2000081,Turkmenistan,"218,498",0
2000,2000082,Uzbekistan,"1,405,250",0
2000,2000084,China,"508,034",19286
2000,2000085,"China, Hong Kong SAR","2,669,122",13796
2000,2000086,"China, Macao SAR","240,791",0
2000,2000087,Dem. People's Republic of Korea,"36,183",649
2000,2000088,Japan,"1,686,567",44859
2000,2000089,Mongolia,"8,206",301
2000,2000090,Republic of Korea,"244,178",25592
2000,2000092,Afghanistan,"75,917",0
2000,2000093,Bangladesh,"987,853",31610
2000,2000094,Bhutan,"32,137",85
2000,2000095,India,"6,411,272",3330
2000,2000096,Iran (Islamic Republic of),"2,803,805",0
2000,2000097,Maldives,"27,092",16
2000,2000098,Nepal,"717,900",0
2000,2000099,Pakistan,"4,181,912",0
2000,2000100,Sri Lanka,"40,132",158
2000,2000102,Brunei Darussalam,"96,296",144
2000,2000103,Cambodia,"146,085",386
2000,2000104,Indonesia,"292,307",2827
2000,2000105,Lao People's Democratic Republic,"21,948",0
2000,2000106,Malaysia,"1,277,223",0
2000,2000107,Myanmar,"98,011",0
2000,2000108,Philippines,"318,095",35977
2000,2000109,Singapore,"1,351,691",4858
2000,2000110,Thailand,"1,257,821",4411
2000,2000111,Timor-Leste,"10,602",66
2000,2000112,Viet Nam,"56,754",1359
2000,2000114,Armenia,"657,900",0
2000,2000115,Azerbaijan,"327,540",0
2000,2000116,Bahrain,"239,361",545
2000,2000117,Cyprus,"80,076",1446
2000,2000118,Georgia,"76,117",107
2000,2000119,Iraq,"210,525",0
2000,2000120,Israel,"1,851,309",61396
2000,2000121,Jordan,"1,927,845",3176
2000,2000122,Kuwait,"1,127,640",2567
2000,2000123,Lebanon,"692,913",1442
2000,2000124,Oman,"623,608",0
2000,2000125,Qatar,"359,697",819
2000,2000126,Saudi Arabia,"5,263,387",0
2000,2000127,State of Palestine,"275,202",8052
2000,2000128,Syrian Arab Republic,"832,273",0
2000,2000129,Turkey,"1,280,963",12649
2000,2000130,United Arab Emirates,"2,446,675",5615
2000,2000131,Yemen,"143,495",0
2000,2000134,Belarus,"1,123,586",90
2000,2000135,Bulgaria,"43,360",565
2000,2000136,Czechia,"220,789",1033
2000,2000137,Hungary,"296,957",4977
2000,2000138,Poland,"825,251",9349
2000,2000139,Republic of Moldova,"247,828",0
2000,2000140,Romania,"126,949",1348
2000,2000141,Russian Federation,"11,900,297",2915
2000,2000142,Slovakia,"116,376",1402
2000,2000143,Ukraine,"5,527,087",3132
2000,2000145,Channel Islands,"64,301",0
2000,2000146,Denmark,"371,026",8596
2000,2000147,Estonia,"249,512",191
2000,2000148,Faeroe Islands,"3,593",26
2000,2000149,Finland,"136,203",2442
2000,2000150,Iceland,"15,892",1392
2000,2000151,Ireland,"350,552",16225
2000,2000152,Isle of Man,"39,002",178
2000,2000153,Latvia,"430,178",479
2000,2000154,Lithuania,"214,311",1026
2000,2000155,Norway,"292,440",14956
2000,2000156,Sweden,"1,003,798",14413
2000,2000157,United Kingdom,"4,730,165",153337
2000,2000159,Albania,"76,695",3498
2000,2000160,Andorra,"42,146",89
2000,2000161,Bosnia and Herzegovina,"82,952",0
2000,2000162,Croatia,"585,298",835
2000,2000163,Gibraltar,"8,054",0
2000,2000164,Greece,"1,111,665",22900
2000,2000165,Holy See,785,0
2000,2000166,Italy,"2,121,690",26750
2000,2000167,Malta,"21,521",1051
2000,2000168,Montenegro,,0
2000,2000169,Portugal,"651,472",7258
2000,2000170,San Marino,"4,045",0
2000,2000171,Serbia,"856,763",1364
2000,2000172,Slovenia,"171,018",395
2000,2000173,Spain,"1,657,285",22987
2000,2000174,Macedonia,"125,665",0
2000,2000176,Austria,"996,547",7649
2000,2000177,Belgium,"895,900",11518
2000,2000178,France,"6,278,718",42864
2000,2000179,Germany,"8,992,631",109838
2000,2000180,Liechtenstein,"15,483",60
2000,2000181,Luxembourg,"139,750",965
2000,2000182,Monaco,"21,787",0
2000,2000183,Netherlands,"1,556,337",20186
2000,2000184,Switzerland,"1,570,756",25521
2000,2000187,Anguilla,"4,063",641
2000,2000188,Antigua and Barbuda,"23,071",2741
2000,2000189,Aruba,"30,104",681
2000,2000190,Bahamas,"36,454",4300
2000,2000191,Barbados,"28,424",1315
2000,2000192,British Virgin Islands,"12,958",910
2000,2000193,Caribbean Netherlands,"46,105",1262
2000,2000194,Cayman Islands,"19,253",1829
2000,2000195,Cuba,"17,818",612
2000,2000196,Curacao,,0
2000,2000197,Dominica,"3,723",356
2000,2000198,Dominican Republic,"355,611",11709
2000,2000199,Grenada,"6,825",635
2000,2000200,Guadeloupe,"83,188",329
2000,2000201,Haiti,"25,832",2175
2000,2000202,Jamaica,"24,952",6668
2000,2000203,Martinique,"54,492",0
2000,2000204,Montserrat,"1,211",104
2000,2000205,Puerto Rico,"355,038",234869
2000,2000206,Saint Kitts and Nevis,"5,871",483
2000,2000207,Saint Lucia,"9,868",527
2000,2000208,Saint Vincent and the Grenadines,"4,307",318
2000,2000209,Sint Maarten (Dutch part),,0
2000,2000210,Trinidad and Tobago,"41,753",3501
2000,2000211,Turks and Caicos Islands,"9,015",676
2000,2000212,United States Virgin Islands,"56,611",15712
2000,2000214,Belize,"36,488",1914
2000,2000215,Costa Rica,"310,946",9672
2000,2000216,El Salvador,"31,713",4603
2000,2000217,Guatemala,"48,119",5456
2000,2000218,Honduras,"28,461",5061
2000,2000219,Mexico,"538,051",358399
2000,2000220,Nicaragua,"30,389",3006
2000,2000221,Panama,"83,410",5212
2000,2000223,Argentina,"1,540,219",9364
2000,2000224,Bolivia (Plurinational State of),"92,658",3656
2000,2000225,Brazil,"684,596",13981
2000,2000226,Chile,"177,332",7885
2000,2000227,Colombia,"109,609",15068
2000,2000228,Ecuador,"151,523",11112
2000,2000229,Falkland Islands (Malvinas),"1,067",21
2000,2000230,French Guiana,"76,649",0
2000,2000231,Guyana,"8,610",632
2000,2000232,Paraguay,"176,608",1781
2000,2000233,Peru,"66,293",7188
2000,2000234,Suriname,"27,506",0
2000,2000235,Uruguay,"88,871",705
2000,2000236,Venezuela (Bolivarian Republic of),"1,013,663",10159
2000,2000238,Bermuda,"17,668",3439
2000,2000239,Canada,"5,511,914",255987
2000,2000240,Greenland,"6,755",27
2000,2000241,Saint Pierre and Miquelon,"1,458",98
2000,2000242,United States of America,"34,814,053",0
2000,2000245,Australia,"4,386,250",59720
2000,2000246,New Zealand,"678,813",12984
2000,2000248,Fiji,"12,719",0
2000,2000249,New Caledonia,"49,651",0
2000,2000250,Papua New Guinea,"25,101",851
2000,2000251,Solomon Islands,"3,981",128
2000,2000252,Vanuatu,"2,626",0
2000,2000254,Guam,"74,070",19095
2000,2000255,Kiribati,"2,283",38
2000,2000256,Marshall Islands,"1,891",856
2000,2000257,Micronesia (Fed. States of),"3,116",197
2000,2000258,Nauru,"2,394",0
2000,2000259,Northern Mariana Islands,"40,122",1951
2000,2000260,Palau,"6,310",516
2000,2000262,American Samoa,"24,912",3578
2000,2000263,Cook Islands,"2,785",18
2000,2000264,French Polynesia,"30,329",437
2000,2000265,Niue,498,18
2000,2000266,Samoa,"5,998",463
2000,2000267,Tokelau,262,0
2000,2000268,Tonga,"3,684",0
2000,2000269,Tuvalu,217,28
2000,2000270,Wallis and Futuna Islands,"2,015",0
2005,2005002,More developed regions,"116,295,565",1019358
2005,2005003,Less developed regions,"74,236,035",1269857
2005,2005004,Least developed countries,"9,803,046",48760
2005,2005005,"Less developed regions, excluding least developed countries","64,432,989",1221097
2005,2005006,High-income countries,"117,786,056",1431140
2005,2005007,Middle-income countries,"64,661,461",844814
2005,2005008,Upper-middle-income countries,"35,813,417",715351
2005,2005009,Lower-middle-income countries,"28,848,044",129463
2005,2005010,Low-income countries,"7,604,325",10519
2005,2005011,Sub-Saharan Africa,"14,272,361",20407
2005,2005014,Burundi,"172,874",0
2005,2005015,Comoros,"13,209",0
2005,2005016,Djibouti,"92,091",0
2005,2005017,Eritrea,"14,314",0
2005,2005018,Ethiopia,"514,242",0
2005,2005019,Kenya,"756,894",0
2005,2005020,Madagascar,"26,058",0
2005,2005021,Malawi,"221,661",0
2005,2005022,Mauritius,"19,647",40
2005,2005023,Mayotte,"63,176",0
2005,2005024,Mozambique,"204,830",0
2005,2005025,Reunion,"115,076",0
2005,2005026,Rwanda,"432,797",0
2005,2005027,Seychelles,"8,997",0
2005,2005028,Somalia,"20,670",0
2005,2005029,South Sudan,,0
2005,2005030,Uganda,"652,968",1006
2005,2005031,United Republic of Tanzania,"770,846",1204
2005,2005032,Zambia,"252,749",662
2005,2005033,Zimbabwe,"392,693",0
2005,2005035,Angola,"61,329",0
2005,2005036,Cameroon,"258,737",823
2005,2005037,Central African Republic,"94,449",635
2005,2005038,Chad,"352,062",0
2005,2005039,Congo,"315,238",53
2005,2005040,Democratic Republic of the Congo,"622,869",0
2005,2005041,Equatorial Guinea,"6,588",0
2005,2005042,Gabon,"214,123",284
2005,2005043,Sao Tome and Principe,"3,433",0
2005,2005045,Algeria,"197,422",863
2005,2005046,Egypt,"274,001",5257
2005,2005047,Libya,"625,212",8015
2005,2005048,Morocco,"54,379",1239
2005,2005049,Sudan,"541,994",0
2005,2005050,Tunisia,"35,040",259
2005,2005051,Western Sahara,"3,891",0
2005,2005053,Botswana,"88,829",507
2005,2005054,Lesotho,"6,290",86
2005,2005055,Namibia,"106,274",1090
2005,2005056,South Africa,"1,210,936",8357
2005,2005057,Swaziland,"27,097",190
2005,2005059,Benin,"171,499",0
2005,2005060,Burkina Faso,"596,972",0
2005,2005061,Cabo Verde,"12,700",361
2005,2005062,Cote d'Ivoire,"2,010,824",0
2005,2005063,Gambia,"181,905",0
2005,2005064,Ghana,"304,436",685
2005,2005065,Guinea,"229,611",550
2005,2005066,Guinea-Bissau,"20,736",303
2005,2005067,Liberia,"87,188",1236
2005,2005068,Mali,"256,797",907
2005,2005069,Mauritania,"58,119",108
2005,2005070,Niger,"124,461",0
2005,2005071,Nigeria,"969,294",0
2005,2005072,Saint Helena,487,0
2005,2005073,Senegal,"238,298",672
2005,2005074,Sierra Leone,"149,615",469
2005,2005075,Togo,"203,379",179
2005,2005078,Kazakhstan,"3,102,962",0
2005,2005079,Kyrgyzstan,"312,897",0
2005,2005080,Tajikistan,"280,444",304
2005,2005081,Turkmenistan,"213,051",0
2005,2005082,Uzbekistan,"1,329,345",0
2005,2005084,China,"678,947",21277
2005,2005085,"China, Hong Kong SAR","2,721,235",13370
2005,2005086,"China, Macao SAR","279,308",0
2005,2005087,Dem. People's Republic of Korea,"40,097",792
2005,2005088,Japan,"2,012,916",47789
2005,2005089,Mongolia,"11,475",447
2005,2005090,Republic of Korea,"485,546",33040
2005,2005092,Afghanistan,"87,300",0
2005,2005093,Bangladesh,"1,166,700",37560
2005,2005094,Bhutan,"40,279",107
2005,2005095,India,"5,923,642",3077
2005,2005096,Iran (Islamic Republic of),"2,568,930",0
2005,2005097,Maldives,"45,045",32
2005,2005098,Nepal,"679,457",0
2005,2005099,Pakistan,"3,171,132",0
2005,2005100,Sri Lanka,"39,526",302
2005,2005102,Brunei Darussalam,"98,441",147
2005,2005103,Cambodia,"114,031",301
2005,2005104,Indonesia,"289,568",6654
2005,2005105,Lao People's Democratic Republic,"20,371",0
2005,2005106,Malaysia,"1,722,344",0
2005,2005107,Myanmar,"83,025",0
2005,2005108,Philippines,"257,468",29119
2005,2005109,Singapore,"1,710,594",9340
2005,2005110,Thailand,"2,163,447",3939
2005,2005111,Timor-Leste,"11,286",70
2005,2005112,Viet Nam,"51,768",1812
2005,2005114,Armenia,"469,119",0
2005,2005115,Azerbaijan,"302,220",0
2005,2005116,Bahrain,"404,018",771
2005,2005117,Cyprus,"117,165",2116
2005,2005118,Georgia,"72,311",101
2005,2005119,Iraq,"132,915",0
2005,2005120,Israel,"1,889,503",68622
2005,2005121,Jordan,"2,325,414",4587
2005,2005122,Kuwait,"1,333,327",2772
2005,2005123,Lebanon,"756,784",1129
2005,2005124,Oman,"666,160",0
2005,2005125,Qatar,"646,026",1149
2005,2005126,Saudi Arabia,"6,501,819",0
2005,2005127,State of Palestine,"266,617",7978
2005,2005128,Syrian Arab Republic,"876,410",0
2005,2005129,Turkey,"1,319,236",13034
2005,2005130,United Arab Emirates,"3,281,036",6294
2005,2005131,Yemen,"171,073",0
2005,2005134,Belarus,"1,106,982",86
2005,2005135,Bulgaria,"61,074",867
2005,2005136,Czechia,"322,540",2286
2005,2005137,Hungary,"366,787",6147
2005,2005138,Poland,"722,509",11582
2005,2005139,Republic of Moldova,"173,957",0
2005,2005140,Romania,"145,162",1960
2005,2005141,Russian Federation,"11,667,588",3747
2005,2005142,Slovakia,"130,491",1573
2005,2005143,Ukraine,"5,050,302",2861
2005,2005145,Channel Islands,"70,941",0
2005,2005146,Denmark,"440,383",9906
2005,2005147,Estonia,"233,701",409
2005,2005148,Faeroe Islands,"4,583",31
2005,2005149,Finland,"192,169",3358
2005,2005150,Iceland,"25,492",1606
2005,2005151,Ireland,"589,046",25210
2005,2005152,Isle of Man,"41,475",223
2005,2005153,Latvia,"376,725",603
2005,2005154,Lithuania,"201,209",936
2005,2005155,Norway,"361,144",14507
2005,2005156,Sweden,"1,125,790",15522
2005,2005157,United Kingdom,"5,926,156",164455
2005,2005159,Albania,"64,739",2953
2005,2005160,Andorra,"50,298",101
2005,2005161,Bosnia and Herzegovina,"47,272",0
2005,2005162,Croatia,"579,273",1221
2005,2005163,Gibraltar,"9,211",0
2005,2005164,Greece,"1,190,707",23066
2005,2005165,Holy See,798,0
2005,2005166,Italy,"3,954,785",40484
2005,2005167,Malta,"24,560",1087
2005,2005168,Montenegro,,0
2005,2005169,Portugal,"771,184",7303
2005,2005170,San Marino,"4,218",0
2005,2005171,Serbia,"845,120",1346
2005,2005172,Slovenia,"197,276",614
2005,2005173,Spain,"4,107,226",30491
2005,2005174,Macedonia,"127,667",0
2005,2005176,Austria,"1,136,270",8550
2005,2005177,Belgium,"882,031",10932
2005,2005178,France,"6,737,600",47898
2005,2005179,Germany,"9,402,447",110843
2005,2005180,Liechtenstein,"18,898",91
2005,2005181,Luxembourg,"150,618",836
2005,2005182,Monaco,"21,312",0
2005,2005183,Netherlands,"1,736,127",22615
2005,2005184,Switzerland,"1,805,437",28796
2005,2005187,Anguilla,"4,684",738
2005,2005188,Antigua and Barbuda,"24,741",2940
2005,2005189,Aruba,"32,540",638
2005,2005190,Bahamas,"45,595",6587
2005,2005191,Barbados,"30,624",1147
2005,2005192,British Virgin Islands,"15,016",1042
2005,2005193,Caribbean Netherlands,"49,105",1344
2005,2005194,Cayman Islands,"21,655",2234
2005,2005195,Cuba,"17,023",609
2005,2005196,Curacao,,0
2005,2005197,Dominica,"4,744",439
2005,2005198,Dominican Republic,"376,001",18186
2005,2005199,Grenada,"6,902",665
2005,2005200,Guadeloupe,"89,065",404
2005,2005201,Haiti,"30,468",2566
2005,2005202,Jamaica,"24,314",6493
2005,2005203,Martinique,"57,034",0
2005,2005204,Montserrat,"1,244",109
2005,2005205,Puerto Rico,"352,144",224689
2005,2005206,Saint Kitts and Nevis,"6,682",550
2005,2005207,Saint Lucia,"11,468",613
2005,2005208,Saint Vincent and the Grenadines,"4,395",325
2005,2005209,Sint Maarten (Dutch part),"13,100",183
2005,2005210,Trinidad and Tobago,"44,812",3757
2005,2005211,Turks and Caicos Islands,"13,115",695
2005,2005212,United States Virgin Islands,"56,647",16281
2005,2005214,Belize,"41,424",2694
2005,2005215,Costa Rica,"358,175",6335
2005,2005216,El Salvador,"36,019",4871
2005,2005217,Guatemala,"57,252",6473
2005,2005218,Honduras,"27,875",4946
2005,2005219,Mexico,"712,487",520053
2005,2005220,Nicaragua,"34,918",3085
2005,2005221,Panama,"117,563",8384
2005,2005223,Argentina,"1,673,088",6907
2005,2005224,Bolivia (Plurinational State of),"107,745",3935
2005,2005225,Brazil,"638,582",18779
2005,2005226,Chile,"273,384",6374
2005,2005227,Colombia,"107,612",15025
2005,2005228,Ecuador,"187,404",13118
2005,2005229,Falkland Islands (Malvinas),"1,166",30
2005,2005230,French Guiana,"86,468",0
2005,2005231,Guyana,"10,868",852
2005,2005232,Paraguay,"168,243",1696
2005,2005233,Peru,"77,541",8408
2005,2005234,Suriname,"33,664",0
2005,2005235,Uruguay,"82,318",653
2005,2005236,Venezuela (Bolivarian Republic of),"1,070,562",10445
2005,2005238,Bermuda,"18,276",3460
2005,2005239,Canada,"6,078,985",273383
2005,2005240,Greenland,"6,686",28
2005,2005241,Saint Pierre and Miquelon,"1,147",74
2005,2005242,United States of America,"39,258,293",0
2005,2005245,Australia,"4,878,030",70550
2005,2005246,New Zealand,"839,952",16972
2005,2005248,Fiji,"12,435",0
2005,2005249,New Caledonia,"55,405",0
2005,2005250,Papua New Guinea,"29,967",851
2005,2005251,Solomon Islands,"3,271",77
2005,2005252,Vanuatu,"2,800",0
2005,2005254,Guam,"74,743",18719
2005,2005255,Kiribati,"2,487",39
2005,2005256,Marshall Islands,"2,417",1053
2005,2005257,Micronesia (Fed. States of),"2,905",183
2005,2005258,Nauru,"2,253",0
2005,2005259,Northern Mariana Islands,"37,542",1953
2005,2005260,Palau,"6,043",377
2005,2005262,American Samoa,"24,233",3066
2005,2005263,Cook Islands,"3,277",24
2005,2005264,French Polynesia,"32,286",457
2005,2005265,Niue,522,19
2005,2005266,Samoa,"5,746",436
2005,2005267,Tokelau,258,0
2005,2005268,Tonga,"4,301",0
2005,2005269,Tuvalu,183,23
2005,2005270,Wallis and Futuna Islands,"2,365",0
2010,2010002,More developed regions,"130,683,517",1099420
2010,2010003,Less developed regions,"89,335,749",1558229
2010,2010004,Least developed countries,"9,994,197",55142
2010,2010005,"Less developed regions, excluding least developed countries","79,341,552",1503087
2010,2010006,High-income countries,"141,789,049",1518738
2010,2010007,Middle-income countries,"70,204,762",1125897
2010,2010008,Upper-middle-income countries,"39,705,036",975855
2010,2010009,Lower-middle-income countries,"30,499,726",150042
2010,2010010,Low-income countries,"7,545,206",10970
2010,2010011,Sub-Saharan Africa,"15,691,999",26995
2010,2010014,Burundi,"235,259",0
2010,2010015,Comoros,"12,618",0
2010,2010016,Djibouti,"101,575",0
2010,2010017,Eritrea,"15,676",0
2010,2010018,Ethiopia,"567,720",0
2010,2010019,Kenya,"926,959",0
2010,2010020,Madagascar,"28,905",0
2010,2010021,Malawi,"217,722",0
2010,2010022,Mauritius,"24,836",43
2010,2010023,Mayotte,"72,757",0
2010,2010024,Mozambique,"214,612",0
2010,2010025,Reunion,"123,029",0
2010,2010026,Rwanda,"436,787",0
2010,2010027,Seychelles,"11,420",0
2010,2010028,Somalia,"23,995",0
2010,2010029,South Sudan,"257,905",0
2010,2010030,Uganda,"529,160",1000
2010,2010031,United Republic of Tanzania,"308,600",1234
2010,2010032,Zambia,"149,637",949
2010,2010033,Zimbabwe,"397,891",0
2010,2010035,Angola,"76,549",0
2010,2010036,Cameroon,"289,091",655
2010,2010037,Central African Republic,"93,466",628
2010,2010038,Chad,"416,924",0
2010,2010039,Congo,"419,649",125
2010,2010040,Democratic Republic of the Congo,"588,950",0
2010,2010041,Equatorial Guinea,"8,658",0
2010,2010042,Gabon,"243,992",324
2010,2010043,Sao Tome and Principe,"2,700",0
2010,2010045,Algeria,"216,964",948
2010,2010046,Egypt,"295,714",5674
2010,2010047,Libya,"683,998",8768
2010,2010048,Morocco,"70,909",1386
2010,2010049,Sudan,"578,363",0
2010,2010050,Tunisia,"43,172",470
2010,2010051,Western Sahara,"4,493",0
2010,2010053,Botswana,"120,912",961
2010,2010054,Lesotho,"6,414",87
2010,2010055,Namibia,"102,405",1050
2010,2010056,South Africa,"2,096,886",14471
2010,2010057,Swaziland,"30,476",228
2010,2010059,Benin,"209,267",0
2010,2010060,Burkina Faso,"673,904",0
2010,2010061,Cabo Verde,"14,373",406
2010,2010062,Cote d'Ivoire,"2,095,185",0
2010,2010063,Gambia,"185,763",0
2010,2010064,Ghana,"337,017",508
2010,2010065,Guinea,"177,998",472
2010,2010066,Guinea-Bissau,"21,061",293
2010,2010067,Liberia,"99,129",451
2010,2010068,Mali,"336,607",1602
2010,2010069,Mauritania,"84,679",108
2010,2010070,Niger,"126,464",0
2010,2010071,Nigeria,"988,679",0
2010,2010072,Saint Helena,569,0
2010,2010073,Senegal,"256,092",752
2010,2010074,Sierra Leone,"97,452",466
2010,2010075,Togo,"255,262",182
2010,2010078,Kazakhstan,"3,334,623",0
2010,2010079,Kyrgyzstan,"231,511",0
2010,2010080,Tajikistan,"278,152",311
2010,2010081,Turkmenistan,"197,979",0
2010,2010082,Uzbekistan,"1,220,149",0
2010,2010084,China,"849,861",23268
2010,2010085,"China, Hong Kong SAR","2,779,950",12976
2010,2010086,"China, Macao SAR","318,506",0
2010,2010087,Dem. People's Republic of Korea,"44,010",934
2010,2010088,Japan,"2,134,151",50667
2010,2010089,Mongolia,"16,061",646
2010,2010090,Republic of Korea,"919,275",53578
2010,2010092,Afghanistan,"102,246",0
2010,2010093,Bangladesh,"1,345,546",43455
2010,2010094,Bhutan,"48,420",129
2010,2010095,India,"5,436,012",2823
2010,2010096,Iran (Islamic Republic of),"2,761,561",0
2010,2010097,Maldives,"54,659",38
2010,2010098,Nepal,"578,657",0
2010,2010099,Pakistan,"3,941,586",0
2010,2010100,Sri Lanka,"38,959",598
2010,2010102,Brunei Darussalam,"100,587",150
2010,2010103,Cambodia,"81,977",216
2010,2010104,Indonesia,"305,416",10909
2010,2010105,Lao People's Democratic Republic,"32,473",0
2010,2010106,Malaysia,"2,406,011",0
2010,2010107,Myanmar,"76,414",0
2010,2010108,Philippines,"208,599",35015
2010,2010109,Singapore,"2,164,794",14344
2010,2010110,Thailand,"3,224,131",3750
2010,2010111,Timor-Leste,"11,535",72
2010,2010112,Viet Nam,"61,756",2625
2010,2010114,Armenia,"221,560",0
2010,2010115,Azerbaijan,"276,901",0
2010,2010116,Bahrain,"657,856",1169
2010,2010117,Cyprus,"188,472",3393
2010,2010118,Georgia,"73,034",102
2010,2010119,Iraq,"117,389",0
2010,2010120,Israel,"1,950,615",76680
2010,2010121,Jordan,"2,722,983",5899
2010,2010122,Kuwait,"1,871,537",3669
2010,2010123,Lebanon,"820,655",815
2010,2010124,Oman,"816,221",0
2010,2010125,Qatar,"1,456,413",2412
2010,2010126,Saudi Arabia,"8,429,956",0
2010,2010127,State of Palestine,"258,032",7904
2010,2010128,Syrian Arab Republic,"1,785,115",0
2010,2010129,Turkey,"1,367,034",13431
2010,2010130,United Arab Emirates,"7,316,611",13114
2010,2010131,Yemen,"285,837",0
2010,2010134,Belarus,"1,090,378",82
2010,2010135,Bulgaria,"76,287",1132
2010,2010136,Czechia,"398,493",3351
2010,2010137,Hungary,"436,616",7317
2010,2010138,Poland,"642,417",14179
2010,2010139,Republic of Moldova,"157,668",0
2010,2010140,Romania,"166,126",2586
2010,2010141,Russian Federation,"11,194,710",4502
2010,2010142,Slovakia,"146,319",1764
2010,2010143,Ukraine,"4,818,767",2729
2010,2010145,Channel Islands,"77,581",0
2010,2010146,Denmark,"509,740",11215
2010,2010147,Estonia,"217,890",624
2010,2010148,Faeroe Islands,"5,096",39
2010,2010149,Finland,"248,135",4273
2010,2010150,Iceland,"35,091",1938
2010,2010151,Ireland,"730,542",30043
2010,2010152,Isle of Man,"43,447",265
2010,2010153,Latvia,"313,786",712
2010,2010154,Lithuania,"160,772",719
2010,2010155,Norway,"526,799",16046
2010,2010156,Sweden,"1,337,214",16617
2010,2010157,United Kingdom,"7,604,583",188963
2010,2010159,Albania,"52,784",2408
2010,2010160,Andorra,"52,053",100
2010,2010161,Bosnia and Herzegovina,"38,792",0
2010,2010162,Croatia,"573,248",1606
2010,2010163,Gibraltar,"10,369",0
2010,2010164,Greece,"1,321,149",24284
2010,2010165,Holy See,794,0
2010,2010166,Italy,"5,787,898",54217
2010,2010167,Malta,"33,008",1199
2010,2010168,Montenegro,"78,507",302
2010,2010169,Portugal,"762,825",6137
2010,2010170,San Marino,"4,399",0
2010,2010171,Serbia,"826,066",1316
2010,2010172,Slovenia,"253,786",548
2010,2010173,Spain,"6,280,065",35239
2010,2010174,Macedonia,"129,701",0
2010,2010176,Austria,"1,275,992",9451
2010,2010177,Belgium,"1,119,256",11277
2010,2010178,France,"7,196,481",49836
2010,2010179,Germany,"9,812,263",111303
2010,2010180,Liechtenstein,"22,342",124
2010,2010181,Luxembourg,"248,888",1095
2010,2010182,Monaco,"21,132",0
2010,2010183,Netherlands,"1,832,510",24368
2010,2010184,Switzerland,"2,075,182",32631
2010,2010187,Anguilla,"5,103",803
2010,2010188,Antigua and Barbuda,"26,412",3138
2010,2010189,Aruba,"34,327",582
2010,2010190,Bahamas,"54,736",8919
2010,2010191,Barbados,"32,825",985
2010,2010192,British Virgin Islands,"17,074",1537
2010,2010193,Caribbean Netherlands,"11,445",517
2010,2010194,Cayman Islands,"24,057",2640
2010,2010195,Cuba,"14,818",556
2010,2010196,Curacao,"34,627",330
2010,2010197,Dominica,"5,765",534
2010,2010198,Dominican Republic,"393,720",24535
2010,2010199,Grenada,"6,980",696
2010,2010200,Guadeloupe,"94,942",478
2010,2010201,Haiti,"35,104",2956
2010,2010202,Jamaica,"23,677",6329
2010,2010203,Martinique,"59,575",0
2010,2010204,Montserrat,"1,277",115
2010,2010205,Puerto Rico,"304,969",186257
2010,2010206,Saint Kitts and Nevis,"7,245",596
2010,2010207,Saint Lucia,"12,100",646
2010,2010208,Saint Vincent and the Grenadines,"4,485",331
2010,2010209,Sint Maarten (Dutch part),"26,200",367
2010,2010210,Trinidad and Tobago,"48,226",5597
2010,2010211,Turks and Caicos Islands,"17,216",715
2010,2010212,United States Virgin Islands,"56,684",16851
2010,2010214,Belize,"46,360",3474
2010,2010215,Costa Rica,"405,404",12487
2010,2010216,El Salvador,"40,324",5176
2010,2010217,Guatemala,"66,384",7514
2010,2010218,Honduras,"27,288",4851
2010,2010219,Mexico,"969,538",741918
2010,2010220,Nicaragua,"37,333",3298
2010,2010221,Panama,"157,309",11956
2010,2010223,Argentina,"1,805,957",4450
2010,2010224,Bolivia (Plurinational State of),"122,846",4206
2010,2010225,Brazil,"592,568",23308
2010,2010226,Chile,"369,436",4903
2010,2010227,Colombia,"124,271",17587
2010,2010228,Ecuador,"325,366",18426
2010,2010229,Falkland Islands (Malvinas),"1,436",17
2010,2010230,French Guiana,"96,288",0
2010,2010231,Guyana,"13,126",1071
2010,2010232,Paraguay,"160,299",1615
2010,2010233,Peru,"84,066",9115
2010,2010234,Suriname,"39,713",0
2010,2010235,Uruguay,"76,263",604
2010,2010236,Venezuela (Bolivarian Republic of),"1,331,488",10721
2010,2010238,Bermuda,"18,884",3481
2010,2010239,Canada,"6,761,226",263515
2010,2010240,Greenland,"6,226",31
2010,2010241,Saint Pierre and Miquelon,"1,017",65
2010,2010242,United States of America,"44,183,643",0
2010,2010245,Australia,"5,882,980",85330
2010,2010246,New Zealand,"947,443",19794
2010,2010248,Fiji,"13,351",0
2010,2010249,New Caledonia,"61,158",0
2010,2010250,Papua New Guinea,"25,424",721
2010,2010251,Solomon Islands,"2,760",31
2010,2010252,Vanuatu,"2,991",0
2010,2010254,Guam,"75,416",18343
2010,2010255,Kiribati,"2,868",40
2010,2010256,Marshall Islands,"3,089",1346
2010,2010257,Micronesia (Fed. States of),"2,805",176
2010,2010258,Nauru,"2,112",0
2010,2010259,Northern Mariana Islands,"24,168",1395
2010,2010260,Palau,"5,490",361
2010,2010262,American Samoa,"23,555",2553
2010,2010263,Cook Islands,"3,769",29
2010,2010264,French Polynesia,"31,640",441
2010,2010265,Niue,545,20
2010,2010266,Samoa,"5,122",381
2010,2010267,Tokelau,429,0
2010,2010268,Tonga,"4,589",0
2010,2010269,Tuvalu,154,19
2010,2010270,Wallis and Futuna Islands,"2,776",0
2015,2015002,More developed regions,"140,250,197",1195232
2015,2015003,Less developed regions,"107,335,547",1727261
2015,2015004,Least developed countries,"13,804,757",58117
2015,2015005,"Less developed regions, excluding least developed countries","93,530,790",1669144
2015,2015006,High-income countries,"156,816,897",1617394
2015,2015007,Middle-income countries,"79,772,836",1291435
2015,2015008,Upper-middle-income countries,"48,222,417",1133739
2015,2015009,Lower-middle-income countries,"31,550,419",157696
2015,2015010,Low-income countries,"10,491,456",11465
2015,2015011,Sub-Saharan Africa,"21,705,234",29051
2015,2015014,Burundi,"289,810",0
2015,2015015,Comoros,"12,555",0
2015,2015016,Djibouti,"112,351",0
2015,2015017,Eritrea,"15,941",0
2015,2015018,Ethiopia,"1,162,576",0
2015,2015019,Kenya,"1,084,357",0
2015,2015020,Madagascar,"32,075",0
2015,2015021,Malawi,"232,803",0
2015,2015022,Mauritius,"28,585",49
2015,2015023,Mayotte,"73,992",0
2015,2015024,Mozambique,"238,930",0
2015,2015025,Reunion,"127,209",0
2015,2015026,Rwanda,"441,525",0
2015,2015027,Seychelles,"12,791",0
2015,2015028,Somalia,"41,578",0
2015,2015029,South Sudan,"844,122",0
2015,2015030,Uganda,"1,197,162",994
2015,2015031,United Republic of Tanzania,"413,309",1291
2015,2015032,Zambia,"155,428",985
2015,2015033,Zimbabwe,"403,866",0
2015,2015035,Angola,"632,178",0
2015,2015036,Cameroon,"508,357",837
2015,2015037,Central African Republic,"81,598",548
2015,2015038,Chad,"516,968",0
2015,2015039,Congo,"392,996",166
2015,2015040,Democratic Republic of the Congo,"824,492",0
2015,2015041,Equatorial Guinea,"209,611",0
2015,2015042,Gabon,"268,384",356
2015,2015043,Sao Tome and Principe,"2,394",0
2015,2015045,Algeria,"239,473",1046
2015,2015046,Egypt,"565,931",6730
2015,2015047,Libya,"771,146",9885
2015,2015048,Morocco,"92,424",1806
2015,2015049,Sudan,"623,878",0
2015,2015050,Tunisia,"56,701",609
2015,2015051,Western Sahara,"5,179",0
2015,2015053,Botswana,"160,644",1277
2015,2015054,Lesotho,"6,572",89
2015,2015055,Namibia,"96,888",992
2015,2015056,South Africa,"3,816,696",15803
2015,2015057,Swaziland,"31,993",256
2015,2015059,Benin,"245,399",0
2015,2015060,Burkina Faso,"704,676",0
2015,2015061,Cabo Verde,"14,924",422
2015,2015062,Cote d'Ivoire,"2,175,399",0
2015,2015063,Gambia,"192,540",0
2015,2015064,Ghana,"399,471",602
2015,2015065,Guinea,"126,386",301
2015,2015066,Guinea-Bissau,"22,333",311
2015,2015067,Liberia,"113,779",517
2015,2015068,Mali,"365,145",1728
2015,2015069,Mauritania,"166,552",108
2015,2015070,Niger,"252,998",0
2015,2015071,Nigeria,"1,199,115",0
2015,2015072,Saint Helena,604,0
2015,2015073,Senegal,"263,242",773
2015,2015074,Sierra Leone,"91,213",464
2015,2015075,Togo,"276,844",182
2015,2015078,Kazakhstan,"3,546,778",0
2015,2015079,Kyrgyzstan,"204,382",0
2015,2015080,Tajikistan,"275,059",306
2015,2015081,Turkmenistan,"196,386",0
2015,2015082,Uzbekistan,"1,170,899",0
2015,2015084,China,"978,046",26777
2015,2015085,"China, Hong Kong SAR","2,838,665",13250
2015,2015086,"China, Macao SAR","342,703",0
2015,2015087,Dem. People's Republic of Korea,"48,458",1028
2015,2015088,Japan,"2,232,189",54872
2015,2015089,Mongolia,"17,620",709
2015,2015090,Republic of Korea,"1,143,087",66622
2015,2015092,Afghanistan,"489,749",0
2015,2015093,Bangladesh,"1,422,805",46008
2015,2015094,Bhutan,"51,106",136
2015,2015095,India,"5,240,960",2722
2015,2015096,Iran (Islamic Republic of),"2,726,420",0
2015,2015097,Maldives,"64,273",44
2015,2015098,Nepal,"509,855",0
2015,2015099,Pakistan,"3,628,956",0
2015,2015100,Sri Lanka,"39,706",609
2015,2015102,Brunei Darussalam,"102,733",153
2015,2015103,Cambodia,"73,963",195
2015,2015104,Indonesia,"338,124",12077
2015,2015105,Lao People's Democratic Republic,"44,575",0
2015,2015106,Malaysia,"2,650,617",0
2015,2015107,Myanmar,"73,308",0
2015,2015108,Philippines,"211,862",35564
2015,2015109,Singapore,"2,543,638",17161
2015,2015110,Thailand,"3,486,526",4055
2015,2015111,Timor-Leste,"11,784",73
2015,2015112,Viet Nam,"72,793",3164
2015,2015114,Armenia,"191,199",0
2015,2015115,Azerbaijan,"264,241",0
2015,2015116,Bahrain,"704,137",1120
2015,2015117,Cyprus,"192,020",3456
2015,2015118,Georgia,"76,685",107
2015,2015119,Iraq,"359,381",0
2015,2015120,Israel,"2,011,727",79082
2015,2015121,Jordan,"3,112,026",2539
2015,2015122,Kuwait,"2,866,136",4763
2015,2015123,Lebanon,"1,973,204",686
2015,2015124,Oman,"1,814,591",0
2015,2015125,Qatar,"1,687,640",2280
2015,2015126,Saudi Arabia,"10,771,366",0
2015,2015127,State of Palestine,"255,507",7826
2015,2015128,Syrian Arab Republic,"993,940",0
2015,2015129,Turkey,"4,131,302",13634
2015,2015130,United Arab Emirates,"7,995,126",14330
2015,2015131,Yemen,"379,899",0
2015,2015134,Belarus,"1,082,905",87
2015,2015135,Bulgaria,"133,803",2788
2015,2015136,Czechia,"416,454",3502
2015,2015137,Hungary,"475,508",7777
2015,2015138,Poland,"611,855",13671
2015,2015139,Republic of Moldova,"142,904",0
2015,2015140,Romania,"281,048",2876
2015,2015141,Russian Federation,"11,643,276",4588
2015,2015142,Slovakia,"177,624",2137
2015,2015143,Ukraine,"4,915,142",2738
2015,2015145,Channel Islands,"82,307",0
2015,2015146,Denmark,"595,876",12871
2015,2015147,Estonia,"194,664",557
2015,2015148,Faeroe Islands,"5,517",41
2015,2015149,Finland,"314,856",5454
2015,2015150,Iceland,"39,072",2046
2015,2015151,Ireland,"749,943",30690
2015,2015152,Isle of Man,"45,221",276
2015,2015153,Latvia,"265,418",597
2015,2015154,Lithuania,"136,021",609
2015,2015155,Norway,"746,375",17568
2015,2015156,Sweden,"1,602,522",19691
2015,2015157,United Kingdom,"8,411,021",181316
2015,2015159,Albania,"52,031",2373
2015,2015160,Andorra,"42,082",99
2015,2015161,Bosnia and Herzegovina,"38,574",0
2015,2015162,Croatia,"575,738",1616
2015,2015163,Gibraltar,"11,065",0
2015,2015164,Greece,"1,242,924",23249
2015,2015165,Holy See,803,0
2015,2015166,Italy,"5,805,325",54679
2015,2015167,Malta,"42,430",1403
2015,2015168,Montenegro,"82,541",317
2015,2015169,Portugal,"864,814",6957
2015,2015170,San Marino,"5,174",0
2015,2015171,Serbia,"807,441",1286
2015,2015172,Slovenia,"237,616",555
2015,2015173,Spain,"5,891,208",42291
2015,2015174,Macedonia,"130,730",0
2015,2015176,Austria,"1,492,374",11054
2015,2015177,Belgium,"1,252,380",12618
2015,2015178,France,"7,918,382",54834
2015,2015179,Germany,"10,220,418",115973
2015,2015180,Liechtenstein,"23,799",131
2015,2015181,Luxembourg,"260,573",1147
2015,2015182,Monaco,"21,042",0
2015,2015183,Netherlands,"1,996,318",28285
2015,2015184,Switzerland,"2,416,394",38347
2015,2015187,Anguilla,"5,470",860
2015,2015188,Antigua and Barbuda,"28,083",3337
2015,2015189,Aruba,"36,114",612
2015,2015190,Bahamas,"59,306",9664
2015,2015191,Barbados,"34,475",1034
2015,2015192,British Virgin Islands,"19,132",1722
2015,2015193,Caribbean Netherlands,"13,002",588
2015,2015194,Cayman Islands,"23,726",2607
2015,2015195,Cuba,"13,336",500
2015,2015196,Curacao,"37,611",358
2015,2015197,Dominica,"6,720",623
2015,2015198,Dominican Republic,"415,564",25896
2015,2015199,Grenada,"7,057",704
2015,2015200,Guadeloupe,"98,507",496
2015,2015201,Haiti,"39,529",3328
2015,2015202,Jamaica,"23,167",6193
2015,2015203,Martinique,"61,731",0
2015,2015204,Montserrat,"1,351",121
2015,2015205,Puerto Rico,"280,494",165580
2015,2015206,Saint Kitts and Nevis,"7,443",613
2015,2015207,Saint Lucia,"12,771",683
2015,2015208,Saint Vincent and the Grenadines,"4,577",338
2015,2015209,Sint Maarten (Dutch part),"27,295",382
2015,2015210,Trinidad and Tobago,"49,883",5798
2015,2015211,Turks and Caicos Islands,"22,719",925
2015,2015212,United States Virgin Islands,"56,721",16861
2015,2015214,Belize,"54,674",4036
2015,2015215,Costa Rica,"411,697",12680
2015,2015216,El Salvador,"42,045",5397
2015,2015217,Guatemala,"78,352",8643
2015,2015218,Honduras,"38,317",6799
2015,2015219,Mexico,"1,193,155",876528
2015,2015220,Nicaragua,"40,262",3606
2015,2015221,Panama,"184,710",14040
2015,2015223,Argentina,"2,086,302",5135
2015,2015224,Bolivia (Plurinational State of),"142,989",4896
2015,2015225,Brazil,"716,568",21068
2015,2015226,Chile,"469,436",8060
2015,2015227,Colombia,"139,134",19690
2015,2015228,Ecuador,"387,513",26802
2015,2015229,Falkland Islands (Malvinas),"1,571",19
2015,2015230,French Guiana,"106,108",0
2015,2015231,Guyana,"15,384",1255
2015,2015232,Paraguay,"156,462",1576
2015,2015233,Peru,"91,481",9853
2015,2015234,Suriname,"46,836",0
2015,2015235,Uruguay,"78,799",624
2015,2015236,Venezuela (Bolivarian Republic of),"1,404,448",11242
2015,2015238,Bermuda,"19,126",3527
2015,2015239,Canada,"7,561,226",294694
2015,2015240,Greenland,"6,009",39
2015,2015241,Saint Pierre and Miquelon,986,63
2015,2015242,United States of America,"48,178,877",0
2015,2015245,Australia,"6,710,540",110643
2015,2015246,New Zealand,"1,039,736",22300
2015,2015248,Fiji,"13,751",0
2015,2015249,New Caledonia,"64,290",0
2015,2015250,Papua New Guinea,"30,782",731
2015,2015251,Solomon Islands,"2,585",29
2015,2015252,Vanuatu,"3,187",0
2015,2015254,Guam,"76,089",18508
2015,2015255,Kiribati,"2,919",40
2015,2015256,Marshall Islands,"3,284",1430
2015,2015257,Micronesia (Fed. States of),"2,756",172
2015,2015258,Nauru,"3,678",0
2015,2015259,Northern Mariana Islands,"21,648",1249
2015,2015260,Palau,"4,937",324
2015,2015262,American Samoa,"23,513",2548
2015,2015263,Cook Islands,"4,152",32
2015,2015264,French Polynesia,"30,058",419
2015,2015265,Niue,557,20
2015,2015266,Samoa,"4,929",367
2015,2015267,Tokelau,487,0
2015,2015268,Tonga,"4,877",0
2015,2015269,Tuvalu,141,17
2015,2015270,Wallis and Futuna Islands,"2,849",0
2017,2017002,More developed regions,"145,983,830",1260287
2017,2017003,Less developed regions,"111,731,595",1759759
2017,2017004,Least developed countries,"14,441,715",60076
2017,2017005,"Less developed regions, excluding least developed countries","97,289,880",1699683
2017,2017006,High-income countries,"164,846,887",1678955
2017,2017007,Middle-income countries,"81,439,828",1326532
2017,2017008,Upper-middle-income countries,"49,731,791",1166205
2017,2017009,Lower-middle-income countries,"31,708,037",160327
2017,2017010,Low-income countries,"10,914,651",12317
2017,2017011,Sub-Saharan Africa,"22,975,988",30872
2017,2017014,Burundi,"299,569",0
2017,2017015,Comoros,"12,555",0
2017,2017016,Djibouti,"116,089",0
2017,2017017,Eritrea,"16,041",0
2017,2017018,Ethiopia,"1,227,143",0
2017,2017019,Kenya,"1,078,572",0
2017,2017020,Madagascar,"33,844",0
2017,2017021,Malawi,"237,104",0
2017,2017022,Mauritius,"28,713",49
2017,2017023,Mayotte,"74,399",0
2017,2017024,Mozambique,"246,954",0
2017,2017025,Reunion,"129,153",0
2017,2017026,Rwanda,"443,088",0
2017,2017027,Seychelles,"12,926",0
2017,2017028,Somalia,"44,868",0
2017,2017029,South Sudan,"845,239",0
2017,2017030,Uganda,"1,692,120",1404
2017,2017031,United Republic of Tanzania,"492,574",1538
2017,2017032,Zambia,"156,982",994
2017,2017033,Zimbabwe,"403,866",0
2017,2017035,Angola,"638,499",0
2017,2017036,Cameroon,"540,266",889
2017,2017037,Central African Republic,"88,774",596
2017,2017038,Chad,"489,690",0
2017,2017039,Congo,"398,890",168
2017,2017040,Democratic Republic of the Congo,"879,223",0
2017,2017041,Equatorial Guinea,"221,865",0
2017,2017042,Gabon,"280,197",371
2017,2017043,Sao Tome and Principe,"2,293",0
2017,2017045,Algeria,"248,624",1085
2017,2017046,Egypt,"478,310",5688
2017,2017047,Libya,"788,419",10106
2017,2017048,Morocco,"95,835",1872
2017,2017049,Sudan,"735,821",0
2017,2017050,Tunisia,"57,663",619
2017,2017051,Western Sahara,"5,384",0
2017,2017053,Botswana,"166,430",1322
2017,2017054,Lesotho,"6,749",91
2017,2017055,Namibia,"95,067",973
2017,2017056,South Africa,"4,036,696",16713
2017,2017057,Swaziland,"33,263",266
2017,2017059,Benin,"253,284",0
2017,2017060,Burkina Faso,"708,921",0
2017,2017061,Cabo Verde,"15,295",431
2017,2017062,Cote d'Ivoire,"2,197,152",0
2017,2017063,Gambia,"205,063",0
2017,2017064,Ghana,"417,642",629
2017,2017065,Guinea,"122,796",292
2017,2017066,Guinea-Bissau,"23,405",325
2017,2017067,Liberia,"98,630",448
2017,2017068,Mali,"383,721",1815
2017,2017069,Mauritania,"168,438",109
2017,2017070,Niger,"295,610",0
2017,2017071,Nigeria,"1,235,088",0
2017,2017072,Saint Helena,606,0
2017,2017073,Senegal,"265,601",779
2017,2017074,Sierra Leone,"95,248",484
2017,2017075,Togo,"283,966",186
2017,2017078,Kazakhstan,"3,635,168",0
2017,2017079,Kyrgyzstan,"200,294",0
2017,2017080,Tajikistan,"273,259",303
2017,2017081,Turkmenistan,"195,061",0
2017,2017082,Uzbekistan,"1,159,190",0
2017,2017084,China,"999,527",27365
2017,2017085,"China, Hong Kong SAR","2,883,051",13457
2017,2017086,"China, Macao SAR","353,654",0
2017,2017087,Dem. People's Republic of Korea,"48,939",1038
2017,2017088,Japan,"2,321,476",57066
2017,2017089,Mongolia,"18,204",732
2017,2017090,Republic of Korea,"1,151,865",67133
2017,2017092,Afghanistan,"133,612",0
2017,2017093,Bangladesh,"1,500,921",47103
2017,2017094,Bhutan,"52,296",139
2017,2017095,India,"5,188,550",2694
2017,2017096,Iran (Islamic Republic of),"2,699,155",0
2017,2017097,Maldives,"67,026",45
2017,2017098,Nepal,"502,670",0
2017,2017099,Pakistan,"3,398,154",0
2017,2017100,Sri Lanka,"40,018",613
2017,2017102,Brunei Darussalam,"108,612",161
2017,2017103,Cambodia,"76,329",201
2017,2017104,Indonesia,"345,930",12355
2017,2017105,Lao People's Democratic Republic,"45,466",0
2017,2017106,Malaysia,"2,703,629",0
2017,2017107,Myanmar,"74,660",0
2017,2017108,Philippines,"218,530",36683
2017,2017109,Singapore,"2,623,404",17699
2017,2017110,Thailand,"3,588,873",4174
2017,2017111,Timor-Leste,"12,063",74
2017,2017112,Viet Nam,"76,104",3307
2017,2017114,Armenia,"190,719",0
2017,2017115,Azerbaijan,"259,241",0
2017,2017116,Bahrain,"722,649",1149
2017,2017117,Cyprus,"188,973",3401
2017,2017118,Georgia,"78,218",109
2017,2017119,Iraq,"366,568",0
2017,2017120,Israel,"1,962,123",77132
2017,2017121,Jordan,"3,233,553",2638
2017,2017122,Kuwait,"3,123,431",5190
2017,2017123,Lebanon,"1,939,212",674
2017,2017124,Oman,"2,073,292",0
2017,2017125,Qatar,"1,721,392",2325
2017,2017126,Saudi Arabia,"12,185,284",0
2017,2017127,State of Palestine,"253,735",7771
2017,2017128,Syrian Arab Republic,"1,013,818",0
2017,2017129,Turkey,"4,881,966",16111
2017,2017130,United Arab Emirates,"8,312,524",14898
2017,2017131,Yemen,"384,321",0
2017,2017134,Belarus,"1,078,652",86
2017,2017135,Bulgaria,"153,803",3204
2017,2017136,Czechia,"433,290",3643
2017,2017137,Hungary,"503,787",8216
2017,2017138,Poland,"640,937",14320
2017,2017139,Republic of Moldova,"140,045",0
2017,2017140,Romania,"370,753",3793
2017,2017141,Russian Federation,"11,651,509",4591
2017,2017142,Slovakia,"184,642",2221
2017,2017143,Ukraine,"4,964,293",2765
2017,2017145,Channel Islands,"83,082",0
2017,2017146,Denmark,"656,789",14186
2017,2017147,Estonia,"192,962",552
2017,2017148,Faeroe Islands,"5,735",42
2017,2017149,Finland,"343,582",5951
2017,2017150,Iceland,"41,853",2123
2017,2017151,Ireland,"806,549",33006
2017,2017152,Isle of Man,"45,872",279
2017,2017153,Latvia,"256,889",577
2017,2017154,Lithuania,"124,706",558
2017,2017155,Norway,"798,944",18805
2017,2017156,Sweden,"1,747,710",19740
2017,2017157,United Kingdom,"8,841,717",190600
2017,2017159,Albania,"52,484",2393
2017,2017160,Andorra,"41,039",96
2017,2017161,Bosnia and Herzegovina,"37,100",0
2017,2017162,Croatia,"560,483",1573
2017,2017163,Gibraltar,"11,152",0
2017,2017164,Greece,"1,220,395",22939
2017,2017165,Holy See,792,0
2017,2017166,Italy,"5,907,461",55640
2017,2017167,Malta,"45,539",1505
2017,2017168,Montenegro,"70,984",272
2017,2017169,Portugal,"880,188",7080
2017,2017170,San Marino,"5,243",0
2017,2017171,Serbia,"801,903",1277
2017,2017172,Slovenia,"244,790",575
2017,2017173,Spain,"5,947,106",42692
2017,2017174,Macedonia,"130,972",0
2017,2017176,Austria,"1,660,283",12172
2017,2017177,Belgium,"1,268,411",12779
2017,2017178,France,"7,902,783",54724
2017,2017179,Germany,"12,165,083",138039
2017,2017180,Liechtenstein,"24,683",135
2017,2017181,Luxembourg,"264,073",1162
2017,2017182,Monaco,"21,255",0
2017,2017183,Netherlands,"2,056,520",30259
2017,2017184,Switzerland,"2,506,394",39775
2017,2017187,Anguilla,"5,579",877
2017,2017188,Antigua and Barbuda,"28,646",3403
2017,2017189,Aruba,"36,356",616
2017,2017190,Bahamas,"61,806",10071
2017,2017191,Barbados,"34,660",1039
2017,2017192,British Virgin Islands,"19,959",1796
2017,2017193,Caribbean Netherlands,"13,508",610
2017,2017194,Cayman Islands,"24,355",2676
2017,2017195,Cuba,"13,136",492
2017,2017196,Curacao,"38,396",364
2017,2017197,Dominica,"6,782",628
2017,2017198,Dominican Republic,"424,964",26480
2017,2017199,Grenada,"7,124",710
2017,2017200,Guadeloupe,"99,350",500
2017,2017201,Haiti,"40,533",3412
2017,2017202,Jamaica,"23,332",6237
2017,2017203,Martinique,"61,579",0
2017,2017204,Montserrat,"1,364",122
2017,2017205,Puerto Rico,"273,494",161447
2017,2017206,Saint Kitts and Nevis,"7,587",624
2017,2017207,Saint Lucia,"12,889",689
2017,2017208,Saint Vincent and the Grenadines,"4,595",339
2017,2017209,Sint Maarten (Dutch part),"28,260",395
2017,2017210,Trinidad and Tobago,"50,214",5836
2017,2017211,Turks and Caicos Islands,"24,534",998
2017,2017212,United States Virgin Islands,"56,745",16868
2017,2017214,Belize,"59,998",4429
2017,2017215,Costa Rica,"414,214",12757
2017,2017216,El Salvador,"42,323",5432
2017,2017217,Guatemala,"81,528",8993
2017,2017218,Honduras,"38,700",6866
2017,2017219,Mexico,"1,224,169",899311
2017,2017220,Nicaragua,"41,159",3686
2017,2017221,Panama,"190,728",14497
2017,2017223,Argentina,"2,164,524",5327
2017,2017224,Bolivia (Plurinational State of),"148,837",5096
2017,2017225,Brazil,"735,557",21626
2017,2017226,Chile,"488,571",8388
2017,2017227,Colombia,"142,319",20140
2017,2017228,Ecuador,"399,068",27601
2017,2017229,Falkland Islands (Malvinas),"1,579",19
2017,2017230,French Guiana,"111,718",0
2017,2017231,Guyana,"15,530",1266
2017,2017232,Paraguay,"160,519",1616
2017,2017233,Peru,"93,780",10100
2017,2017234,Suriname,"47,699",0
2017,2017235,Uruguay,"79,586",630
2017,2017236,Venezuela (Bolivarian Republic of),"1,426,336",11417
2017,2017238,Bermuda,"18,954",3495
2017,2017239,Canada,"7,861,226",306385
2017,2017240,Greenland,"6,014",39
2017,2017241,Saint Pierre and Miquelon,990,63
2017,2017242,United States of America,"49,776,970",0
2017,2017245,Australia,"7,035,560",116001
2017,2017246,New Zealand,"1,067,423",22893
2017,2017248,Fiji,"13,911",0
2017,2017249,New Caledonia,"66,001",0
2017,2017250,Papua New Guinea,"32,389",769
2017,2017251,Solomon Islands,"2,532",28
2017,2017252,Vanuatu,"3,245",0
2017,2017254,Guam,"78,027",18979
2017,2017255,Kiribati,"3,022",41
2017,2017256,Marshall Islands,"3,292",1433
2017,2017257,Micronesia (Fed. States of),"2,785",173
2017,2017258,Nauru,"3,710",0
2017,2017259,Northern Mariana Islands,"21,777",1256
2017,2017260,Palau,"4,988",327
2017,2017262,American Samoa,"23,561",2553
2017,2017263,Cook Islands,"4,213",32
2017,2017264,French Polynesia,"30,687",427
2017,2017265,Niue,553,19
2017,2017266,Samoa,"4,879",363
2017,2017267,Tokelau,504,0
2017,2017268,Tonga,"4,952",0
2017,2017269,Tuvalu,143,17
2017,2017270,Wallis and Futuna Islands,"2,779",0